<!DOCTYPE hibernate-configuration PUBLIC
    "-//Hibernate/Hibernate Configuration DTD 3.0//EN"
    "http://www.hibernate.org/dtd/hibernate-configuration-3.0.dtd">
<hibernate-configuration>
    <session-factory>
        <!-- JDBC Database connection settings -->
        <property name="hibernate.connection.driver_class">com.mysql.cj.jdbc.Driver</property>
        <property name="hibernate.connection.url">jdbc:mysql://localhost:3306/Matchup</property>
        <property name="hibernate.connection.username">user</property>
        <property name="hibernate.connection.password">pass</property>

        <property name="hibernate.connection.autocommit">false</property>
        
        <!-- JDBC connection pool settings -->
        <!--<property name="hibernate.c3p0.min_size">5</property>
        <property name="hibernate.c3p0.max_size">20</property>-->
        
        <!-- SQL dialect -->
        <!--<property name="hibernate.dialect">org.hibernate.dialect.MySQL8Dialect</property>-->
        
        <!-- Echo all executed SQL to stdout -->
        <!--<property name="hibernate.show_sql">true</property>
        <property name="hibernate.format_sql">true</property>-->
        
        <!-- Update the database schema on startup -->
        <property name="hibernate.hbm2ddl.auto">create-drop</property>
        
        <!-- Caching -->
        <property name="hibernate.cache.use_second_level_cache">true</property>
        <property name="hibernate.cache.region.factory_class">org.hibernate.cache.jcache.JCacheRegionFactory</property>

        <!-- Annotated classes -->
        <mapping class="com.Entities.Fighter"/>
        <mapping class="com.Entities.Team"/>
        <mapping class="com.Entities.League"/>
        <mapping class="com.Entities.Player"/>
        <mapping class="com.Entities.Game"/>

    </session-factory>
</hibernate-configuration>