<config xmlns='http://www.ehcache.org/v3'
        xmlns:jsr107='http://www.ehcache.org/v3/jsr107'
        xmlns:xsi="http://www.w3.org/2001/XMLSchema-instance"
        xsi:schemaLocation="
            http://www.ehcache.org/v3 http://www.ehcache.org/schema/ehcache-core-3.0.xsd
            http://www.ehcache.org/v3/jsr107 http://www.ehcache.org/schema/ehcache-107-ext-3.0.xsd">

    <cache-template name="default">
        <expiry>
            <ttl unit="minutes">60</ttl>
        </expiry>
        <resources>
            <heap unit="entries">1000</heap>
            <offheap unit="MB">100</offheap>
        </resources>
    </cache-template>

    <jsr107:defaults enable-management="true" enable-statistics="true"/>
</config>
