<?xml version="1.0" encoding="UTF-8"?>
<!DOCTYPE hibernate-configuration PUBLIC
"-//Hibernate/Hibernate Configuration DTD//EN"
"http://hibernate.sourceforge.net/hibernate-configuration-3.0.dtd">
<hibernate-configuration>
    <session-factory>
        <!-- JDBC Database connection settings -->
        <property name="hibernate.connection.driver_class">com.mysql.cj.jdbc.Driver</property>
        <property name="hibernate.connection.url">jdbc:mysql://localhost:3306/Matchup?createDatabaseIfNotExist=true&amp;serverTimezone=UTC</property>
        <property name="hibernate.connection.username">root</property>
        <property name="hibernate.connection.password">root</property>
        <property name="hibernate.connection.autocommit">false</property>
        
        <!-- Debugging 
        <property name="hibernate.show_sql">true</property>
        <property name="hibernate.format_sql">true</property>
        <property name="hibernate.use_sql_comments">true</property>
        -->
        
        <!-- Update the database schema on startup -->
        <property name="hibernate.hbm2ddl.auto">create-drop</property>
        
        <!-- Caching -->
        <property name="hibernate.cache.use_second_level_cache">true</property>
        <property name="hibernate.cache.region.factory_class">org.hibernate.cache.jcache.JCacheRegionFactory</property>

        <!-- Annotated classes -->
        <mapping class="com.entities.Fighter"/>
        <mapping class="com.entities.Team"/>
        <mapping class="com.entities.League"/>
        <mapping class="com.entities.Player"/>
        <mapping class="com.entities.Game"/>

    </session-factory>
</hibernate-configuration>